experiment,algorithm,n,repeat,population_size,crossover_probability,mutation_probability,generations,elapsed_seconds,best_value,distance_to_optimum,best_solution
baseline,custom_ga,2,1,80,0.9,0.08,106,0.24505939999653492,6.588948609141067e-12,9.451133861731961e-07,"[4.999999315391423, 9.999999348424671]"
baseline,custom_ga,2,2,80,0.9,0.08,103,0.23554650000005495,4.880669787100625e-11,2.3417965375190404e-06,"[5.000001098490998, 10.000002068170339]"
baseline,custom_ga,2,3,80,0.9,0.08,107,0.24335440000140807,9.51976202839184e-12,1.0753028364311015e-06,"[4.9999993607817474, 10.000000864682725]"
baseline,custom_ga,2,4,80,0.9,0.08,107,0.23857619999762392,1.2185579228870306e-11,1.2601821284435283e-06,"[4.999999140347659, 10.000000921442808]"
baseline,custom_ga,2,5,80,0.9,0.08,107,0.2450553000016953,1.440604015922338e-11,1.339142955172208e-06,"[4.999999160119248, 9.999998956973549]"
baseline,custom_ga,2,6,80,0.9,0.08,105,0.2449921000006725,3.307056979801483e-12,5.909057719232428e-07,"[5.000000192166247, 10.000000558785974]"
baseline,custom_ga,2,7,80,0.9,0.08,107,0.24290929999551736,1.2079062468416367e-11,1.3199724690830933e-06,"[5.000001033848221, 9.999999179338575]"
baseline,custom_ga,2,8,80,0.9,0.08,107,0.24555569999938598,1.065542534156693e-12,3.37308315214973e-07,"[5.000000120188569, 10.000000315169173]"
baseline,custom_ga,2,9,80,0.9,0.08,104,0.24048390000098152,2.830338501579374e-11,1.9585729740946155e-06,"[4.999998581783096, 10.00000135080306]"
baseline,custom_ga,2,10,80,0.9,0.08,108,0.24337350000132574,1.2793790881173482e-11,1.1480022052327228e-06,"[5.00000027759674, 10.00000111393407]"
baseline,scipy_differential_evolution,2,1,80,,,24,0.0080350999996881,2.3684585728197134e-10,6.8825246913317655e-06,"[5.000006882522851, 9.999999994967148]"
baseline,scipy_differential_evolution,2,2,80,,,186,0.028880899997602683,1.0154700010386615e-15,1.0207261832302224e-08,"[4.999999997701655, 9.99999999005486]"
baseline,scipy_differential_evolution,2,3,80,,,39,0.006418199998734053,1.2981650834404414e-15,1.1609433228670048e-08,"[4.999999996849625, 9.999999988826188]"
baseline,scipy_differential_evolution,2,4,80,,,132,0.023371999996015802,3.7719430376392215e-16,7.072509215279073e-09,"[4.9999999950399685, 9.999999994958326]"
baseline,scipy_differential_evolution,2,5,80,,,32,0.006926300004124641,3.7498740570092567e-16,7.070986124957204e-09,"[4.999999994999979, 9.999999995000136]"
baseline,custom_ga,3,1,80,0.9,0.08,124,0.2882476999948267,8.46359889340855e-11,3.2984303539359866e-06,"[4.999997332649406, 9.999998782538611, 15.00000151085121]"
baseline,custom_ga,3,2,80,0.9,0.08,123,0.2843070000017178,2.827175884032141e-11,2.255751350170983e-06,"[4.999997868998136, 10.000000727016372, 14.999999863279832]"
baseline,custom_ga,3,3,80,0.9,0.08,124,0.28744120000192197,6.246479771005995e-11,2.40786302650445e-06,"[4.999999644345813, 9.999997844199982, 14.999998988149846]"
baseline,custom_ga,3,4,80,0.9,0.08,128,0.2972345000016503,1.6269751381771728e-12,5.144688942347365e-07,"[4.9999995483297806, 10.000000246226984, 15.000000006672968]"
baseline,custom_ga,3,5,80,0.9,0.08,127,0.29407179999543587,9.60979141997706e-11,2.6347257782349293e-06,"[4.999999168065381, 10.000000470666038, 14.99999754477329]"
baseline,custom_ga,3,6,80,0.9,0.08,119,0.2767405000049621,7.1275722600580685e-12,7.91451733042799e-07,"[4.999999810506908, 9.999999382053545, 15.00000045676076]"
baseline,custom_ga,3,7,80,0.9,0.08,124,0.2819889000020339,6.298493550889349e-12,9.440383326114688e-07,"[4.9999992474182315, 10.000000530252557, 14.999999791047179]"
baseline,custom_ga,3,8,80,0.9,0.08,122,0.275872199999867,1.3490110339913918e-11,1.1922306283629347e-06,"[5.000000396254499, 10.000001119010406, 15.00000011050771]"
baseline,custom_ga,3,9,80,0.9,0.08,129,0.29213570000138134,1.0667207659294461e-12,3.3236360844630415e-07,"[5.000000104653846, 9.99999968992308, 15.000000058012448]"
baseline,custom_ga,3,10,80,0.9,0.08,127,0.29400790000363486,2.0351092107185424e-11,1.3087887844520973e-06,"[4.99999945518301, 10.000000689140567, 14.999999029851656]"
baseline,scipy_differential_evolution,3,1,80,,,300,0.05120539999916218,7.161220133028454e-24,7.006692009590038e-13,"[5.000000000000022, 9.999999999999801, 15.000000000000671]"
baseline,scipy_differential_evolution,3,2,80,,,43,0.007605099999636877,9.436666442074692e-14,9.717903248503593e-08,"[4.999999995927314, 9.99999990291866, 15.000000001546269]"
baseline,scipy_differential_evolution,3,3,80,,,298,0.05296339999767952,9.295315093285349e-14,1.3617580463236115e-07,"[5.000000136066467, 9.999999996429006, 14.999999995875172]"
baseline,scipy_differential_evolution,3,4,80,,,300,0.05512989999988349,1.2191837608621113e-13,1.5613312238889104e-07,"[5.000000156117994, 9.99999999817672, 14.999999998817003]"
baseline,scipy_differential_evolution,3,5,80,,,251,0.04509849999885773,7.600529671397888e-23,2.7569058147491887e-12,"[5.0, 9.999999999997243, 15.0]"
