experiment,parameter,value,repeat,generations,elapsed_seconds,best_value,distance_to_optimum
population,population_size,30,1,115,0.09266360000037821,1.5294686485196814e-10,4.132906723846733e-06
population,population_size,30,2,106,0.08710369999607792,5.0901690520214e-11,2.9169536774705596e-06
population,population_size,30,3,111,0.09324360000027809,8.108838119913801e-11,3.7142972224413834e-06
population,population_size,30,4,119,0.10151700000278652,8.723349876682783e-09,4.174472179966156e-05
population,population_size,30,5,114,0.09465289999934612,4.824312345777875e-11,2.207910680315999e-06
population,population_size,30,6,175,0.14492210000025807,2.8894134920390664e-05,0.0023987995411918063
population,population_size,30,7,122,0.10180489999765996,3.3573441798257753e-13,2.542218324017855e-07
population,population_size,30,8,104,0.08660429999872576,3.738319269534607e-11,2.7343302849060525e-06
population,population_size,60,1,107,0.1821985999995377,5.5257564555346957e-11,3.2878592086272607e-06
population,population_size,60,2,108,0.1833690999992541,5.337095850965361e-12,1.0261187181277418e-06
population,population_size,60,3,108,0.18255650000355672,3.5843311431787995e-12,7.917991227623948e-07
population,population_size,60,4,104,0.18077009999979055,6.701057789046622e-11,3.652129419777388e-06
population,population_size,60,5,108,0.18038780000642873,7.146386196264183e-11,2.9708285709395896e-06
population,population_size,60,6,112,0.20480859999952372,5.7440805253848085e-11,3.2305420922851605e-06
population,population_size,60,7,105,0.17542490000050748,8.93162259129157e-11,3.5447453053413823e-06
population,population_size,60,8,107,0.1888701999996556,5.507716176235599e-12,7.430349341795428e-07
population,population_size,120,1,102,0.35213690000091447,6.363248100631743e-11,2.7437283793135833e-06
population,population_size,120,2,105,0.3618990000031772,2.8515092932848344e-11,2.254230069614148e-06
population,population_size,120,3,106,0.3660904999997001,7.373627891655107e-11,3.4428619284158598e-06
population,population_size,120,4,105,0.3603688999937731,9.440985054558673e-11,4.268143949271269e-06
population,population_size,120,5,106,0.37227530000382103,5.639577505191732e-11,3.0981940710258947e-06
population,population_size,120,6,105,0.37432149999949615,5.846094550532009e-11,3.418040164375535e-06
population,population_size,120,7,105,0.37311330000375165,5.701342652142207e-11,3.036469675040248e-06
population,population_size,120,8,108,0.37470980000216514,4.741570849830702e-11,2.3836083808899164e-06
crossover_probability,crossover_probability,0.6,1,112,0.2263297999961651,5.1597613355659914e-11,3.0026762187615034e-06
crossover_probability,crossover_probability,0.6,2,107,0.21987789999548113,1.6847882248060842e-11,1.830823514857475e-06
crossover_probability,crossover_probability,0.6,3,110,0.22290809999685735,8.623212932128915e-11,4.044586667269833e-06
crossover_probability,crossover_probability,0.6,4,327,0.6703071999945678,2.8890644782024525e-07,0.00021603120291766292
crossover_probability,crossover_probability,0.6,5,109,0.21581090000108816,6.008869053448445e-12,9.415982672388673e-07
crossover_probability,crossover_probability,0.6,6,119,0.24816619999910472,9.164982100092039e-12,1.3463928204926582e-06
crossover_probability,crossover_probability,0.6,7,114,0.24567589999787742,4.707762179480125e-11,3.032928533889176e-06
crossover_probability,crossover_probability,0.6,8,111,0.2264945999995689,2.112550635401127e-11,1.6520741059279007e-06
crossover_probability,crossover_probability,0.8,1,109,0.24085059999924852,1.0897208029534325e-11,1.0451126517346753e-06
crossover_probability,crossover_probability,0.8,2,109,0.2447217000008095,1.0219575855627817e-11,1.4253581110193248e-06
crossover_probability,crossover_probability,0.8,3,109,0.24079820000042673,1.0090435810357372e-12,4.444926602813278e-07
crossover_probability,crossover_probability,0.8,4,108,0.23531530000036582,7.077433239954095e-11,3.619088303823641e-06
crossover_probability,crossover_probability,0.8,5,112,0.24964560000080382,1.7642203494001185e-11,1.3691652044986317e-06
crossover_probability,crossover_probability,0.8,6,110,0.2431499000012991,3.677057625552088e-13,2.656691571758579e-07
crossover_probability,crossover_probability,0.8,7,112,0.24621309999929508,4.1897564957006314e-11,2.671404889202691e-06
crossover_probability,crossover_probability,0.8,8,107,0.2364023999980418,3.970222671763379e-11,2.0859160049007728e-06
crossover_probability,crossover_probability,1.0,1,111,0.2639515000046231,1.259696110226199e-11,1.3965034256425576e-06
crossover_probability,crossover_probability,1.0,2,108,0.2544287999990047,4.0860327537829735e-11,2.5185782871565927e-06
crossover_probability,crossover_probability,1.0,3,106,0.2526050000014948,9.62538879692715e-11,3.3399740048889115e-06
crossover_probability,crossover_probability,1.0,4,100,0.23334950000571553,7.947919315976068e-11,3.81749859059838e-06
crossover_probability,crossover_probability,1.0,5,106,0.2541029000058188,5.002174641728313e-11,3.1016487812192696e-06
crossover_probability,crossover_probability,1.0,6,107,0.254402200000186,2.800115440633634e-11,2.1482889673617688e-06
crossover_probability,crossover_probability,1.0,7,108,0.25348079999821493,8.349358203613315e-13,3.2439631142575617e-07
crossover_probability,crossover_probability,1.0,8,107,0.2557874000049196,8.768703619299031e-11,2.9640707265600654e-06
mutation_probability,mutation_probability,0.02,1,102,0.23348269999405602,3.301500339535417e-11,2.2553882086547264e-06
mutation_probability,mutation_probability,0.02,2,104,0.23488959999667713,1.6437824248556954e-11,1.4694746029882048e-06
mutation_probability,mutation_probability,0.02,3,107,0.24226699999417178,1.1596510389538145e-11,1.1287006633440172e-06
mutation_probability,mutation_probability,0.02,4,109,0.24562049999804003,3.602549788878195e-13,2.459996400879652e-07
mutation_probability,mutation_probability,0.02,5,106,0.24906669999472797,1.6817035581231267e-11,1.3322852677778375e-06
mutation_probability,mutation_probability,0.02,6,101,0.23540040000079898,4.087855644769388e-11,2.3094716579035475e-06
mutation_probability,mutation_probability,0.02,7,102,0.23205770000640769,8.091169359553457e-11,4.012650348575484e-06
mutation_probability,mutation_probability,0.02,8,107,0.24466499999834923,3.486843324597398e-11,1.881955997637488e-06
mutation_probability,mutation_probability,0.08,1,115,0.26279390000127023,1.055257447518606e-12,4.5381781904803037e-07
mutation_probability,mutation_probability,0.08,2,107,0.24675890000071377,3.995387087715253e-11,2.235266440855971e-06
mutation_probability,mutation_probability,0.08,3,105,0.24162950000027195,4.452177838400657e-11,2.307770591963857e-06
mutation_probability,mutation_probability,0.08,4,108,0.24962099999538623,1.2301524809627407e-11,1.3650414427069625e-06
mutation_probability,mutation_probability,0.08,5,104,0.23541860000113957,2.7166923527950167e-11,2.1106917436331827e-06
mutation_probability,mutation_probability,0.08,6,108,0.2439451000027475,9.419021842057026e-11,4.2524355153487196e-06
mutation_probability,mutation_probability,0.08,7,108,0.25285629999416415,2.7594276136670133e-11,1.6666105597720643e-06
mutation_probability,mutation_probability,0.08,8,103,0.23109229999681702,1.849182374005114e-11,1.8687559375759317e-06
mutation_probability,mutation_probability,0.2,1,116,0.27059239999653073,2.1163312395251434e-11,1.6703760776550242e-06
mutation_probability,mutation_probability,0.2,2,112,0.2568039999969187,2.6695398814707067e-11,2.189767577804614e-06
mutation_probability,mutation_probability,0.2,3,118,0.27403700000286335,2.364334658399112e-11,1.927269526515997e-06
mutation_probability,mutation_probability,0.2,4,120,0.2736271999965538,1.7811704319676897e-12,4.2218278453908287e-07
mutation_probability,mutation_probability,0.2,5,117,0.2732026000012411,6.725888033583217e-13,3.664787491422856e-07
mutation_probability,mutation_probability,0.2,6,123,0.28662009999970905,8.798499950687219e-11,4.1111101617329455e-06
mutation_probability,mutation_probability,0.2,7,113,0.2585715000022901,4.3684652695505914e-11,2.582736238998287e-06
mutation_probability,mutation_probability,0.2,8,117,0.2676904000036302,5.9291110561229005e-12,9.288307456775932e-07
