problem,label,seed,profit,weight,capacity,error,accuracy_percent,elapsed_seconds
P04,baseline,0,107,50,50,0,100.0,0.08285749999993186
P04,baseline,1,107,50,50,0,100.0,0.07958470000005491
P04,baseline,2,107,50,50,0,100.0,0.0774344999999812
P04,baseline,3,107,50,50,0,100.0,0.08263910000005126
P04,baseline,4,107,50,50,0,100.0,0.07751690000009148
Набор 7,baseline,0,16746,12787,12828,17,99.89858617192627,0.6383478999999852
Набор 7,baseline,1,16746,12787,12828,17,99.89858617192627,0.6305773999999928
Набор 7,baseline,2,16763,12820,12828,0,100.0,0.6255060000000867
Набор 7,baseline,3,16746,12787,12828,17,99.89858617192627,0.632109200000059
Набор 7,baseline,4,16763,12820,12828,0,100.0,0.6451891000000387
